"id","name","default_code","standard_price","list_price","is_published","qty_available"
"__export__.product_template_1000_ej0000","Pan de campo 800 g - Panadería La Espiga","PAN001","2500.00","3750.00","True","0.0"
"__export__.product_template_1001_ej0001","Pan integral 600 g - Panadería La Espiga","PAN002","2300.00","3450.00","True","0.0"
"__export__.product_template_1002_ej0002","Prepizza napolitana x 2 - Panadería La Espiga","PAN003","2000.00","3000.00","True","0.0"
"__export__.product_template_1003_ej0003","Budín de limón 350 g - Panadería La Espiga","PAN004","3200.00","4800.00","True","0.0"
"__export__.product_template_1004_ej0004","Budín de chocolate 350 g - Panadería La Espiga","PAN005","3400.00","5100.00","True","0.0"
"__export__.product_template_1005_ej0005","Fideos al huevo 500 g - Pastas Río","PAS001","2800.00","4200.00","True","0.0"
"__export__.product_template_1006_ej0006","Ravioles de ricota 1 kg - Pastas Río","PAS002","6000.00","9000.00","True","0.0"
"__export__.product_template_1007_ej0007","Ñoquis de papa 750 g - Pastas Río","PAS003","3000.00","4500.00","True","0.0"
"__export__.product_template_1008_ej0008","Canelones de verdura x 6 - Pastas Río","PAS004","8000.00","12000.00","True","0.0"
"__export__.product_template_1009_ej0009","Queso cremoso 500 g - Lácteos Don Julio","LAC001","6400.00","9600.00","True","0.0"
"__export__.product_template_1010_ej000a","Queso reggianito 250 g - Lácteos Don Julio","LAC002","4700.00","7050.00","True","0.0"
"__export__.product_template_1011_ej000b","Dulce de leche 400 g - Lácteos Don Julio","LAC003","3200.00","4800.00","True","0.0"
"__export__.product_template_1012_ej000c","Yogur natural 1 l - Lácteos Don Julio","LAC004","2900.00","4350.00","True","0.0"
"__export__.product_template_1013_ej000d","Queso azul 200 g - Lácteos Don Julio","LAC005","3900.00","5850.00","True","0.0"
"__export__.product_template_1014_ej000e","Orégano 25 g - Especias Luna","ESP001","600.00","900.00","True","0.0"
"__export__.product_template_1015_ej000f","Pimentón 25 g - Especias Luna","ESP002","610.00","915.00","True","0.0"
"__export__.product_template_1016_ej0010","Comino 25 g - Especias Luna","ESP003","640.00","960.00","True","0.0"
"__export__.product_template_1017_ej0011","Canela molida 25 g - Especias Luna","ESP004","700.00","1050.00","True","0.0"
"__export__.product_template_1018_ej0012","Miel 500 g - Miel del Monte","MIE001","4750.00","7125.00","True","0.0"
"__export__.product_template_1019_ej0013","Miel 1 kg - Miel del Monte","MIE002","7300.00","10950.00","True","0.0"
"__export__.product_template_1020_ej0014","Miel (envase plástico) 250 g - Miel del Monte","MIE003","3000.00","4500.00","True","0.0"
"__export__.product_template_1021_ej0015","Bondiola feteada 150 g - Embutidos La Sierra","EMB001","3200.00","4800.00","True","0.0"
"__export__.product_template_1022_ej0016","Salame picado grueso 300 g - Embutidos La Sierra","EMB002","5900.00","8850.00","True","0.0"
"__export__.product_template_1023_ej0017","Jamón crudo feteado 100 g - Embutidos La Sierra","EMB003","2300.00","3450.00","True","0.0"
"__export__.product_template_1024_ej0018","Lavandina 1 l - Limpieza Clara","LIM001","850.00","1275.00","True","0.0"
"__export__.product_template_1025_ej0019","Detergente 750 cc - Limpieza Clara","LIM002","1400.00","2100.00","True","0.0"
"__export__.product_template_1026_ej001a","Atún lomito al natural 170 g - Conservas Marina","CON001","2100.00","3150.00","True","0.0"
"__export__.product_template_1027_ej001b","Atún desmenuzado 170 g - Conservas Marina","CON002","1000.00","1500.00","True","0.0"
"__export__.product_template_1028_ej001c","Palmitos en trozos 400 g - Conservas Marina","CON003","1450.00","2175.00","True","0.0"
"__export__.product_template_1029_ej001d","Arvejas remojadas 300 g - Conservas Marina","CON004","480.00","720.00","True","0.0"
"__export__.product_template_1030_ej001e","Harina 000 1 kg - Molino Pampa","HAR001","800.00","1200.00","True","0.0"
"__export__.product_template_1031_ej001f","Fideos tallarín secos 500 g - Molino Pampa","FID001","750.00","1125.00","True","0.0"
"__export__.product_template_1032_ej0020","Yerba mate 1 kg - Yerbal del Litoral","YER001","2700.00","4050.00","True","0.0"
"__export__.product_template_1033_ej0021","Aceite de girasol 900 cc - Óleos del Plata","ACE001","2600.00","3900.00","True","0.0"
"__export__.product_template_1034_ej0022","10% en tu orden","","0.00","0.00","True","0.0"
"__export__.product_template_1035_ej0023","Cuota social mensual","","0.00","0.00","True","0.0"
