Proveedor,Mensaje
Panadería La Espiga,"Hola! Te paso los precios de octubre 🙂
🍞 Pan de campo $2750
Pan integral $2530
Prepizzas x2 $2200
Budines $3520 (5280)
    Limón
    Chocolate"
Pastas Río,"Fideos al huevo 500g $3080
Ravioles ricota x kg $6600
Ñoquis x 750 grs $3300
Canelones igual"
La Quesera,"Cremoso x 500 $7040
Reggianito x 250g $5170
Dulce de leche $3520
Yogur natural 1 litro $3190
Sin quesos azules"
Especias Luna,"Orégano x 25 g $660
Pimentón x 25g $671
Comino x 25 g.
$ 704
Canela x 50g $1540"
Miel del Monte,"Miel en frascos de vidrio.
360 cm3 (1/2 kilo) $5225
650 cm3 (1 kg) $8030
Miel en envases de plástico.
x200cm3 $3300
Pedidos: 3415550000"
Embutidos La Sierra,"LISTA - precios por kilo
BONDIOLA FET $23467
SALAME PICADO GRUESO $21633
JAMON CRUDO FET $25300"
Limpieza Clara,"01  1001 CLARA. LAVANDINA 1 L          24   935.00   0.00  22440.00
02  1002 CLARA. DETERGENTE 750 CC      12   1711.11  10.00  18480.00"
Verdulería Don Tito,
